{"_runtime":7.191832,"logvar_mean":-4.42218017578125,"_step":12,"mu_mean":-0.2200450897216797,"recon_loss":1049.6842041015625,"total_loss":1049.6842041015625,"kl_loss":0,"_wandb":{"runtime":7},"_timestamp":1.7475954481983092e+09}