{"_timestamp":1.747595981417547e+09,"latent_space":{"format":"png","width":800,"height":600,"_type":"image-file","sha256":"4bd46e860af7da79d9503b0d7d072f0f10374ea9ae31e7443b507bba96f66cc5","size":37248,"path":"media/images/latent_space_3105_4bd46e860af7da79d950.png"},"mu_mean":0.00014444702537730336,"_wandb":{"runtime":395},"kl_loss":0.014897060580551624,"total_loss":232.33468627929688,"logvar_mean":-0.0007645788136869669,"_runtime":394.838982,"_step":3105,"generated_smiles":"CC(C)CCNC(=O)CN1C(=O)COc2ccccc21","recon_loss":232.31979370117188}