{"recon_loss":209.81211853027344,"total_loss":216.6217803955078,"_wandb":{"runtime":4468},"kl_loss":6.80965518951416,"mu_mean":0.0006449081120081246,"_step":37295,"_timestamp":1.7476010107382169e+09,"logvar_mean":-0.056423336267471313,"_runtime":4467.991638}